case_id,ticker,entry_date,outcome_class,forward_return_3yr,keyword_density_score,trajectory_classification,word_count_current,word_count_prior,density_current,density_prior,density_delta,word_count_change,new_paragraph_ratio
CASE-BIIB-2013-01-02-7553e7,BIIB,2013-01-02,winner,1.042,1,deteriorating,6839,6997,23.4,21.3,2.1,-0.023,0
CASE-EXPE-2021-12-31-1312f8,EXPE,2021-12-31,underperform,0.026,1,deteriorating,11934,14501,20.4,17.9,2.5,-0.177,0
CASE-ADM-2021-12-31-cf4a10,ADM,2021-12-31,trap,-0.197,1.25,deteriorating,510,253,25.5,27.7,-2.2,1.016,1.5
CASE-APD-2021-01-04-ca034a,APD,2021-01-04,underperform,0.085,0.5,deteriorating,4494,4371,26.9,24.9,2,0.028,0
CASE-WM-2013-01-02-349bad,WM,2013-01-02,winner,0.734,1.5,deteriorating,7070,5731,22.9,21.5,1.5,0.234,0.19
CASE-MDLZ-2021-12-31-8b9d57,MDLZ,2021-12-31,trap,-0.035,2.25,deteriorating,13820,9225,12.3,8.7,3.6,0.498,0.72
CASE-VNO-2021-12-31-2438d1,VNO,2021-12-31,underperform,0.141,0.75,deteriorating,11477,10685,22.3,20.7,1.6,0.074,0.08
CASE-WMT-2021-12-31-913fa4,WMT,2021-12-31,winner,0.947,0,stable,5831,5643,17,17.4,-0.4,0.033,0
CASE-D-2021-01-04-531112,D,2021-01-04,trap,-0.258,0.75,deteriorating,10690,12458,7.5,6.4,1.1,-0.142,0.19
CASE-CNX-2013-01-02-1a885f,CNX,2013-01-02,trap,-0.739,0.5,deteriorating,13220,11512,15.7,17.3,-1.6,0.148,0.13
CASE-LMT-2021-12-31-65f7ec,LMT,2021-12-31,winner,0.468,1,deteriorating,12557,13484,19.4,6.6,12.8,-0.069,0
CASE-XEL-2021-12-31-858855,XEL,2021-12-31,underperform,0.081,0.5,deteriorating,6145,5601,22.6,23,-0.4,0.097,0.17
CASE-BDX-2015-12-31-80f315,BDX,2015-12-31,winner,0.493,1,deteriorating,4363,6136,30,25.3,4.8,-0.289,0
CASE-STZ-2019-01-02-ff060d,STZ,2019-01-02,underperform,0.602,1,deteriorating,6220,7618,26.7,24.7,2,-0.184,0
CASE-ACN-2015-12-31-6eb38c,ACN,2015-12-31,mixed,0.425,0,stable,12081,12375,22.3,22,0.3,-0.024,0
CASE-EFX-2013-01-02-8ad141,EFX,2013-01-02,winner,1.116,0.75,deteriorating,4623,3943,20.8,22.1,-1.3,0.172,0.1
CASE-NBR-2013-01-02-99e64e,NBR,2013-01-02,trap,-0.401,1,deteriorating,9105,15333,17.1,15,2.1,-0.406,0
CASE-ZBH-2013-01-02-652c91,ZBH,2013-01-02,mixed,0.557,0.75,deteriorating,4648,3967,26.5,26.5,0,0.172,0.06
CASE-AZO-2021-12-31-d81d99,AZO,2021-12-31,winner,0.55,0.5,deteriorating,6047,5797,29.8,28.5,1.3,0.043,0.08
CASE-AVB-2021-01-04-ec7ac8,AVB,2021-01-04,mixed,0.302,0.5,deteriorating,7374,7210,12.1,11.2,0.8,0.023,0.04
CASE-HPQ-2013-01-02-d09c11,HPQ,2013-01-02,winner,0.859,0.5,deteriorating,11716,10585,19.2,20,-0.8,0.107,0.17
CASE-NFLX-2015-12-31-392a29,NFLX,2015-12-31,winner,1.34,0,stable,6877,7354,27.2,27.5,-0.3,-0.065,0
CASE-AMAT-2013-01-02-f5dc8a,AMAT,2013-01-02,winner,0.684,0,stable,7704,7664,18,18.9,-0.9,0.005,0
CASE-ADSK-2021-01-04-e4c7ed,ADSK,2021-01-04,trap,-0.235,0,stable,3996,7261,9.5,12.7,-3.2,-0.45,0
CASE-NI-2019-01-02-517cc3,NI,2019-01-02,underperform,0.214,1,deteriorating,765,788,30.1,20.3,9.8,-0.029,0.1
CASE-EBAY-2021-12-31-d9348c,EBAY,2021-12-31,trap,-0.005,2.25,deteriorating,14370,4927,10,4.3,5.7,1.917,1.85
CASE-BBT-2019-01-02-73b43e,BBT,2019-01-02,underperform,0.15,0.5,deteriorating,4723,7157,24.3,23.3,1,-0.34,0
CASE-EQT-2015-12-31-c0b25d,EQT,2015-12-31,trap,-0.294,0.25,stable,4312,3880,19.5,19.6,-0.1,0.111,0.05
CASE-ADSK-2019-01-02-5297a5,ADSK,2019-01-02,winner,1.18,0,stable,3996,7261,9.5,12.7,-3.2,-0.45,0
CASE-GIS-2019-01-02-afcc9c,GIS,2019-01-02,mixed,0.953,0.5,deteriorating,12413,11608,9.1,9.6,-0.5,0.069,0.1
CASE-HAS-2021-01-04-2c0b25,HAS,2021-01-04,trap,-0.414,1,deteriorating,14655,18676,16,9.6,6.3,-0.215,0
CASE-WMB-2019-01-02-f30a0b,WMB,2019-01-02,underperform,0.426,0.25,stable,12218,10878,12.5,23.1,-10.6,0.123,0.06
CASE-WEC-2013-01-02-9fb59e,WEC,2013-01-02,mixed,0.512,1.25,deteriorating,28879,5426,4.6,18.4,-13.8,4.322,5.19
CASE-KSS-2019-01-02-7b59e1,KSS,2019-01-02,trap,-0.191,0,stable,3210,3285,31.2,31.4,-0.2,-0.023,0
CASE-HIG-2021-12-31-848feb,HIG,2021-12-31,winner,0.683,1.25,deteriorating,11996,10968,26.5,10.8,15.7,0.094,0.04
CASE-BXP-2015-01-02-1302f8,BXP,2015-01-02,underperform,0.062,1,deteriorating,13198,11995,18.2,17.6,0.6,0.1,0.18
CASE-LDOS-2021-12-31-751e88,LDOS,2021-12-31,winner,0.679,1.75,deteriorating,14206,9685,29.2,27.6,1.6,0.467,0.37
CASE-MKC-2019-01-02-3bfbf1,MKC,2019-01-02,underperform,0.49,1.25,deteriorating,6196,4527,25.3,27.4,-2.1,0.369,0.43
CASE-APD-2019-01-02-55da0f,APD,2019-01-02,mixed,1.033,0.5,deteriorating,4494,4371,26.9,24.9,2,0.028,0
CASE-CHRW-2015-01-02-c8ffdc,CHRW,2015-01-02,underperform,0.306,0.75,deteriorating,3016,2818,24.5,23.1,1.5,0.07,0
CASE-MNST-2013-01-02-cf8ed9,MNST,2013-01-02,winner,1.747,0,stable,15853,17261,7.2,8.5,-1.3,-0.082,0.02
CASE-FCX-2017-06-14-8cda03,FCX,2017-06-14,trap,-0.106,1,deteriorating,12111,30225,17.9,13,4.9,-0.599,0
CASE-IP-2021-12-31-023481,IP,2021-12-31,mixed,0.301,1.75,deteriorating,6498,4643,23.5,21.8,1.8,0.4,0.4
CASE-DRI-2013-01-02-0b6244,DRI,2013-01-02,winner,0.771,0.25,stable,7872,7157,32.3,33.3,-1,0.1,0.08
CASE-FISV-2021-12-31-064834,FISV,2021-12-31,winner,0.985,0,stable,1842,9079,6.5,23.2,-16.7,-0.797,0
CASE-ABBV-2021-01-04-9a305a,ABBV,2021-01-04,winner,0.724,0,stable,6909,6951,21.3,20.9,0.4,-0.006,0
CASE-ABT-2019-01-02-5bbd3d,ABT,2019-01-02,winner,1.123,0,stable,3630,4053,26.4,27.1,-0.7,-0.104,0
CASE-KEY-2015-12-31-507c54,KEY,2015-12-31,underperform,0.228,0,stable,6609,6802,22.1,22.1,0,-0.028,0
CASE-MNST-2012-06-28-852f51,MNST,2012-06-28,winner,0.9578962777439833,0,stable,15853,17261,7.2,8.5,-1.3,-0.082,0.02
CASE-EL-2021-12-31-67f44f,EL,2021-12-31,trap,-0.79,0,stable,5048,5192,31.1,31.2,-0.1,-0.028,0
CASE-SPG-2013-01-02-acdc3e,SPG,2013-01-02,mixed,0.417,0,stable,3365,3288,19,19.2,-0.1,0.023,0
CASE-CAH-2019-01-02-c6ad28,CAH,2019-01-02,underperform,0.281,0,stable,490,484,0,0,0,0.012,0
CASE-ALL-2021-01-04-f97a6b,ALL,2021-01-04,mixed,0.457,1.25,deteriorating,323,205,24.8,34.1,-9.4,0.576,1.67
CASE-CB-2013-01-02-c32722,CB,2013-01-02,mixed,0.535,0,stable,10067,9805,23.1,23,0.1,0.027,0.01
CASE-V-2021-12-31-7f72b7,V,2021-12-31,winner,0.485,0,stable,2796,2920,5.4,5.5,-0.1,-0.042,0
CASE-T-2013-01-02-2ca79c,T,2013-01-02,underperform,0.214,0,stable,754,719,19.9,19.5,0.4,0.049,0.05
CASE-MAT-2019-01-02-7e8edf,MAT,2019-01-02,winner,1.209,1.25,deteriorating,9159,7046,26.2,29.4,-3.2,0.3,0.25
CASE-TXT-2019-01-02-b05487,TXT,2019-01-02,underperform,0.683,0.5,deteriorating,5492,5174,28,28.8,-0.8,0.061,0.11
CASE-VRSN-2019-01-02-c46f3b,VRSN,2019-01-02,underperform,0.718,0,stable,10459,10340,21.6,21.3,0.3,0.012,0
CASE-AIZ-2013-01-02-2e708d,AIZ,2013-01-02,winner,1.395,0.25,stable,10961,9756,28.4,29.2,-0.8,0.124,0.07
CASE-GOOGL-2021-01-04-ace329,GOOGL,2021-01-04,winner,0.61,0.5,deteriorating,10445,9686,18.5,18.7,-0.2,0.078,0.1
CASE-TPR-2019-01-02-eff712,TPR,2019-01-02,underperform,0.274,0.5,deteriorating,7796,8814,19.9,18.7,1.2,-0.115,0
CASE-AVY-2013-01-02-5c5102,AVY,2013-01-02,winner,0.908,1.25,deteriorating,5190,4515,31,29,2,0.15,0.08
CASE-PG-2015-12-31-44c009,PG,2015-12-31,mixed,0.268,0.75,deteriorating,10597,11081,5.5,4.3,1.1,-0.044,0.12
CASE-FISV-2021-01-04-2defa3,FISV,2021-01-04,underperform,0.177,0.5,deteriorating,9079,8842,23.2,21.7,1.5,0.027,0
CASE-WDC-2015-12-31-7c8fc1,WDC,2015-12-31,trap,-0.299,1,deteriorating,13640,12702,27.3,26.1,1.3,0.074,0.1
CASE-FAST-2021-12-31-c22e24,FAST,2021-12-31,underperform,0.2,1,deteriorating,6724,6047,19.6,18,1.6,0.112,0.15
CASE-ACN-2015-01-02-ff63ea,ACN,2015-01-02,winner,0.841,0,stable,12375,12396,22,21.6,0.4,-0.002,0
CASE-STX-2019-01-02-700a3d,STX,2019-01-02,winner,2.306,1.5,deteriorating,13796,11881,29,28,1,0.161,0.11
CASE-VMC-2015-12-31-2525cd,VMC,2015-12-31,underperform,0.054,1,deteriorating,2502,2435,28.8,25.5,3.3,0.028,0
CASE-AIG-2021-12-31-12f76a,AIG,2021-12-31,mixed,0.374,0,stable,10723,10514,17.8,17.4,0.4,0.02,0.05
CASE-APH-2021-12-31-d37b57,APH,2021-12-31,winner,0.626,1,deteriorating,7206,5801,28.9,29.3,-0.4,0.242,0.18
CASE-EXC-2013-01-02-e7269c,EXC,2013-01-02,underperform,0.053,1.25,deteriorating,16277,12360,18.5,19,-0.5,0.317,0.37
CASE-AIZ-2015-01-02-e41fc9,AIZ,2015-01-02,winner,0.563,0.25,stable,10961,9756,28.4,29.2,-0.8,0.124,0.07
CASE-BWA-2021-12-31-1256b2,BWA,2021-12-31,trap,-0.176,1,deteriorating,6524,5639,28.8,30.5,-1.7,0.157,0.12
CASE-KSS-2017-06-15-dce51f,KSS,2017-06-15,trap,,0,stable,3285,3174,31.4,31.8,-0.5,0.035,0.07
CASE-WY-2013-01-02-7e6e27,WY,2013-01-02,underperform,0.135,0.25,stable,107,101,18.7,19.8,-1.1,0.059,0
CASE-HON-2021-12-31-b6588d,HON,2021-12-31,underperform,0.152,0.25,stable,4744,4161,31.4,31.5,-0.1,0.14,0
CASE-UPS-2015-12-31-77a3f9,UPS,2015-12-31,underperform,0.108,0.25,stable,3618,3245,33.7,35.7,-2,0.115,0.03
CASE-NEM-2013-01-02-60f999,NEM,2013-01-02,trap,-0.596,1,deteriorating,9675,8359,19.6,20.5,-0.8,0.157,0.1
CASE-BBBY-2014-06-15-66e88b,BBBY,2014-06-15,underperform,0,0.25,stable,13283,12255,19.4,19,0.4,0.084,0.09
CASE-CNX-2016-03-03-aa2fb3,CNX,2016-03-03,underperform,0.2815534455217323,0.5,deteriorating,13220,11512,15.7,17.3,-1.6,0.148,0.13
CASE-DUK-2021-12-31-f42750,DUK,2021-12-31,underperform,0.161,0.5,deteriorating,6072,7904,7.6,24.3,-16.7,-0.232,0.26
CASE-SO-2021-12-31-077bef,SO,2021-12-31,mixed,0.343,0,stable,9450,10746,16,16.5,-0.5,-0.121,0
CASE-PEG-2015-12-31-c3f585,PEG,2015-12-31,winner,0.466,0.5,deteriorating,6120,5982,30.4,29.6,0.8,0.023,0.01
CASE-EW-2021-01-04-0e2c70,EW,2021-01-04,trap,-0.178,0.5,deteriorating,6555,5829,28.1,29.2,-1.1,0.125,0.1
CASE-EXPD-2019-01-02-87cd3e,EXPD,2019-01-02,mixed,1.068,0.5,deteriorating,2048,2054,29.8,29.2,0.6,-0.003,0
CASE-GIS-2021-01-04-509eca,GIS,2021-01-04,underperform,0.24,0.5,deteriorating,12413,11608,9.1,9.6,-0.5,0.069,0.1
CASE-MPC-2021-12-31-5b5389,MPC,2021-12-31,winner,1.369,2,deteriorating,10902,8419,17.9,13.4,4.5,0.295,0.17
CASE-EIX-2021-12-31-11b5cb,EIX,2021-12-31,mixed,0.321,0.5,deteriorating,30166,30268,13.2,11.4,1.8,-0.003,0
CASE-DVN-2019-01-02-a24aa5,DVN,2019-01-02,winner,1.17,0.5,deteriorating,4959,4766,21.2,20.6,0.6,0.04,0.04
CASE-EFX-2021-01-04-6ee82a,EFX,2021-01-04,underperform,0.267,0.75,deteriorating,4623,3943,20.8,22.1,-1.3,0.172,0.1
CASE-PPG-2015-12-31-5d8963,PPG,2015-12-31,underperform,0.08,0,stable,2355,2353,28.9,29.3,-0.4,0.001,0.03
CASE-PLD-2021-12-31-3fdee8,PLD,2021-12-31,trap,-0.326,0,stable,8115,7749,19.5,19.4,0.1,0.047,0.04
CASE-CB-2015-01-02-550416,CB,2015-01-02,mixed,0.329,0,stable,10067,9805,23.1,23,0.1,0.027,0.01
CASE-EW-2013-01-02-d89c81,EW,2013-01-02,winner,0.714,0.5,deteriorating,6555,5829,28.1,29.2,-1.1,0.125,0.1
CASE-CCL-2021-12-31-559759,CCL,2021-12-31,mixed,0.243,1.5,deteriorating,7900,6823,27.5,25.8,1.7,0.158,0.16
CASE-UNP-2021-12-31-c71cbf,UNP,2021-12-31,trap,-0.025,0,stable,5519,8601,11.6,23.5,-11.9,-0.358,0
CASE-EFX-2017-06-14-70a0d1,EFX,2017-06-14,underperform,0.244,0.75,deteriorating,4623,3943,20.8,22.1,-1.3,0.172,0.1
CASE-ISRG-2021-12-31-9d2ad6,ISRG,2021-12-31,winner,0.458,1.25,deteriorating,21020,18504,21.1,19.3,1.7,0.136,0.26
CASE-NTAP-2021-12-31-411499,NTAP,2021-12-31,mixed,0.358,1,deteriorating,6312,5479,12.2,13.9,-1.7,0.152,0.11
CASE-ROST-2013-01-02-d90e7d,ROST,2013-01-02,winner,1.038,0,stable,638,636,4.7,4.7,0,0.003,0
CASE-CHRW-2013-01-02-fc803a,CHRW,2013-01-02,underperform,0.055,0.75,deteriorating,3016,2818,24.5,23.1,1.5,0.07,0
CASE-VFC-2021-12-31-54ec14,VFC,2021-12-31,trap,-0.668,1.25,deteriorating,16370,10425,8.4,28.1,-19.7,0.57,0.93
CASE-SLB-2013-01-02-457853,SLB,2013-01-02,underperform,0.034,1,deteriorating,2257,29907,37.2,6.4,30.9,-0.925,0
CASE-RCL-2019-01-02-e8fa2e,RCL,2019-01-02,trap,-0.186,0.25,stable,7017,6647,26.9,28,-1,0.056,0.05
CASE-FIS-2019-01-02-c21493,FIS,2019-01-02,underperform,0.113,0,stable,10648,10482,23.9,23.9,0.1,0.016,0.04
CASE-AES-2015-12-31-01124a,AES,2015-12-31,winner,0.677,1.25,deteriorating,17663,13829,9.7,9.9,-0.2,0.277,0.23
CASE-DVA-2019-01-02-e620c7,DVA,2019-01-02,winner,1.199,1.5,deteriorating,25174,21080,23.7,21.7,2,0.194,0.14
CASE-PSA-2019-01-02-5d2aae,PSA,2019-01-02,winner,1.123,0.25,stable,4093,3846,20.3,22.9,-2.6,0.064,0.07
CASE-FIS-2017-06-14-440933,FIS,2017-06-14,winner,0.66,0,stable,10482,10727,23.9,24,-0.1,-0.023,0
CASE-AVY-2021-01-04-3079ee,AVY,2021-01-04,mixed,0.357,1.25,deteriorating,5190,4515,31,29,2,0.15,0.08
CASE-INTU-2015-12-31-a73aae,INTU,2015-12-31,winner,1.08,0.5,deteriorating,12033,12067,9,7.6,1.4,-0.003,0
CASE-DXC-2021-12-31-16d7ea,DXC,2021-12-31,trap,-0.386,2.25,deteriorating,12664,6118,12,8.3,3.7,1.07,1.06
CASE-BKNG-2015-12-31-a23f76,BKNG,2015-12-31,mixed,0.35,0,stable,6603,6640,6.4,6.6,-0.3,-0.006,0.01
CASE-NKE-2013-01-02-f24231,NKE,2013-01-02,winner,1.501,0.25,stable,6581,6095,24.6,25.1,-0.5,0.08,0.05
CASE-DRI-2017-06-14-5e8c69,DRI,2017-06-14,trap,-0.085,0.25,stable,7872,7157,32.3,33.3,-1,0.1,0.08
CASE-PNC-2013-01-02-b8be0b,PNC,2013-01-02,winner,0.717,2.25,deteriorating,15919,9408,11.7,9.4,2.4,0.692,0.8
CASE-AN-2013-01-02-cfc440,AN,2013-01-02,mixed,0.507,0.5,deteriorating,5194,5071,35.4,34.9,0.5,0.024,0.06
CASE-BBT-2019-12-09-fa4520,BBT,2019-12-09,underperform,0.04936574720272993,0.5,deteriorating,4723,7157,24.3,23.3,1,-0.34,0
CASE-GOOGL-2019-01-02-b9d9d6,GOOGL,2019-01-02,winner,1.747,0.5,deteriorating,10445,9686,18.5,18.7,-0.2,0.078,0.1
CASE-NVDA-2021-12-31-77c693,NVDA,2021-12-31,winner,3.71,2.25,deteriorating,10319,7095,21.6,19.6,2,0.454,0.24
CASE-FIS-2021-01-04-3a28b6,FIS,2021-01-04,trap,-0.538,0,stable,10648,10482,23.9,23.9,0.1,0.016,0.04
CASE-TER-2021-12-31-3e88e7,TER,2021-12-31,trap,-0.216,0.5,deteriorating,7826,6917,23.1,22.8,0.3,0.131,0.17
CASE-CMG-2021-12-31-e85cae,CMG,2021-12-31,winner,0.713,1,deteriorating,8857,7186,30,29.9,0.1,0.233,0.19
CASE-NOV-2013-01-02-aa8c0e,NOV,2013-01-02,trap,-0.428,1,deteriorating,6314,6056,14.3,12.2,2,0.043,0.01
CASE-HSY-2021-12-31-ee26de,HSY,2021-12-31,trap,-0.067,2.25,deteriorating,4185,3498,21.7,17.7,4,0.196,0.24
CASE-EW-2015-01-02-fad98e,EW,2015-01-02,winner,0.747,0.5,deteriorating,6555,5829,28.1,29.2,-1.1,0.125,0.1
CASE-MU-2019-01-02-ecc662,MU,2019-01-02,winner,1.851,0.25,stable,9279,8463,29.7,30.1,-0.4,0.096,0.05
CASE-SBUX-2019-01-02-f1ef76,SBUX,2019-01-02,mixed,0.922,0,stable,4621,4626,12.8,13.8,-1.1,-0.001,0.03
CASE-MSI-2013-01-02-fb91de,MSI,2013-01-02,underperform,0.295,0,stable,10578,10881,12.5,13.1,-0.6,-0.028,0.01
CASE-ALL-2021-12-31-229221,ALL,2021-12-31,winner,0.763,2.25,deteriorating,524,323,42,24.8,17.2,0.622,0.75
CASE-MS-2015-12-31-e608d7,MS,2015-12-31,mixed,0.356,1.25,deteriorating,12730,7689,6.9,24.6,-17.7,0.656,0.84
CASE-HUM-2021-12-31-a788a3,HUM,2021-12-31,trap,-0.441,0.5,deteriorating,7846,8104,14.3,12.5,1.8,-0.032,0
CASE-CI-2021-12-31-d33119,CI,2021-12-31,mixed,0.258,0,stable,8507,11507,7.9,24.7,-16.8,-0.261,0
CASE-SYK-2019-01-02-3c83ec,SYK,2019-01-02,underperform,0.788,0,stable,3294,3142,27.6,28.3,-0.7,0.048,0.04
CASE-JEF-2019-01-02-26ea37,JEF,2019-01-02,winner,1.551,1.25,deteriorating,8527,7773,28.4,27.7,0.7,0.097,0.22
CASE-BXP-2013-01-02-370494,BXP,2013-01-02,underperform,0.367,1,deteriorating,13198,11995,18.2,17.6,0.6,0.1,0.18
CASE-ITW-2019-01-02-5e1728,ITW,2019-01-02,mixed,1.097,0.5,deteriorating,2909,2762,36.1,35.8,0.3,0.053,0.15
CASE-SLM-2014-04-30-7a78db,SLM,2014-04-30,mixed,0.3854175613106581,0.75,deteriorating,4415,3857,27.4,29.6,-2.2,0.145,0.23
CASE-DE-2021-12-31-a8d074,DE,2021-12-31,mixed,0.27,1,deteriorating,8975,7698,28,28.1,-0.1,0.166,0.14
CASE-BIIB-2015-01-02-8735dd,BIIB,2015-01-02,trap,-0.023,0.25,stable,7482,6839,22.1,23.4,-1.3,0.094,0
CASE-VNO-2023-01-03-51a6e1,VNO,2023-01-03,underperform,0.6988517995061566,0.75,deteriorating,11477,10685,22.3,20.7,1.6,0.074,0.08
CASE-KLAC-2019-01-02-b5cf44,KLAC,2019-01-02,winner,3.992,0,stable,10528,13209,5.7,24.1,-18.4,-0.203,0
CASE-THC-2013-01-02-30f670,THC,2013-01-02,trap,-0.093,0.5,deteriorating,4906,4476,21.8,21.9,-0.1,0.096,0.13
CASE-NSC-2021-12-31-5b5c55,NSC,2021-12-31,trap,-0.157,1.25,deteriorating,2482,2232,37.1,34.1,3,0.112,0.04
CASE-DVN-2017-06-14-bc2279,DVN,2017-06-14,trap,-0.581,0.25,stable,4766,4149,20.6,24.3,-3.8,0.149,0.02
CASE-PRU-2013-01-02-ca3c3b,PRU,2013-01-02,mixed,0.572,0.5,deteriorating,16075,15565,19.7,19.1,0.6,0.033,0.01
CASE-OKE-2021-12-31-d8417f,OKE,2021-12-31,winner,1.047,0.5,deteriorating,9476,9055,22.3,20.3,1.9,0.046,0.04
CASE-BDX-2017-06-14-2b3eaf,BDX,2017-06-14,mixed,0.264,1,deteriorating,4363,6136,30,25.3,4.8,-0.289,0
CASE-AVB-2019-01-02-a0e2ea,AVB,2019-01-02,underperform,0.65,0.5,deteriorating,7374,7210,12.1,11.2,0.8,0.023,0.04
CASE-AMP-2019-01-02-e568af,AMP,2019-01-02,winner,1.999,0,stable,17592,16779,20.6,21,-0.3,0.048,0.01
CASE-LULU-2015-12-31-4e3ca6,LULU,2015-12-31,winner,1.351,0,stable,6368,6303,17.6,18.9,-1.3,0.01,0.07
CASE-PEP-2013-01-02-1f0383,PEP,2013-01-02,mixed,0.569,0,stable,11963,11703,9,12.4,-3.4,0.022,0
CASE-HAS-2021-12-31-274261,HAS,2021-12-31,trap,-0.367,1.25,deteriorating,21788,14655,8.1,16,-7.8,0.487,0.48
CASE-PRGO-2015-12-31-cb3135,PRGO,2015-12-31,trap,-0.713,0,stable,11302,18920,6.9,23.1,-16.2,-0.403,0
CASE-D-2021-12-31-3e5d64,D,2021-12-31,trap,-0.204,0.5,deteriorating,10079,10690,8.2,7.5,0.8,-0.057,0
CASE-CMCSA-2021-12-31-ae67e5,CMCSA,2021-12-31,trap,-0.191,0.25,stable,7061,6378,20.5,20.9,-0.3,0.107,0.03
CASE-DLTR-2013-01-02-d5c09b,DLTR,2013-01-02,winner,0.935,1.25,deteriorating,2211,1970,31.7,29.9,1.7,0.122,0.25
CASE-CCL-2013-01-02-e4106b,CCL,2013-01-02,mixed,0.568,1.5,deteriorating,7900,6823,27.5,25.8,1.7,0.158,0.16
CASE-M-2013-01-02-c86774,M,2013-01-02,trap,-0.024,0.5,deteriorating,3051,3003,34.1,33,1.1,0.016,0
CASE-NOV-2021-09-20-daa34b,NOV,2021-09-20,mixed,0.35964221603378355,1,deteriorating,6314,6056,14.3,12.2,2,0.043,0.01
CASE-CTSH-2021-12-31-cb3ed4,CTSH,2021-12-31,trap,-0.096,0.25,stable,6165,5985,6.2,5.7,0.5,0.03,0.11
CASE-EXC-2017-06-14-e56189,EXC,2017-06-14,underperform,0.153,1.25,deteriorating,16277,12360,18.5,19,-0.5,0.317,0.37
CASE-CTAS-2021-12-31-ee7087,CTAS,2021-12-31,winner,0.691,0.5,deteriorating,4225,4149,42.4,41.7,0.7,0.018,0
CASE-SMCI-2021-12-31-3e4fa3,SMCI,2021-12-31,winner,5.837,0.25,stable,15714,15667,23.2,22.8,0.4,0.003,0.14
CASE-RF-2019-01-02-3c8c20,RF,2019-01-02,underperform,0.79,1,deteriorating,12140,12648,33.2,31.1,2.1,-0.04,0
CASE-FCX-2013-01-02-a95aaa,FCX,2013-01-02,trap,-0.776,1,deteriorating,12111,30225,17.9,13,4.9,-0.599,0
CASE-ABBV-2019-01-02-daba03,ABBV,2019-01-02,underperform,0.773,0,stable,6909,6951,21.3,20.9,0.4,-0.006,0
CASE-HP-2013-01-02-f03ff4,HP,2013-01-02,underperform,0.026,0.25,stable,3416,3249,27.8,27.4,0.4,0.051,0.05
CASE-NVR-2021-12-31-b32110,NVR,2021-12-31,mixed,0.352,1,deteriorating,4362,8581,38.3,9.6,28.7,-0.492,0
CASE-XRAY-2021-12-31-af78fb,XRAY,2021-12-31,trap,-0.645,1.75,deteriorating,12551,10398,22.1,21,1.2,0.207,0.32
CASE-BBBY-2020-06-15-7261c0,BBBY,2020-06-15,underperform,0.031379801697355436,1.75,deteriorating,17029,13283,20.6,19.4,1.1,0.282,0.34
CASE-IRM-2015-12-31-482182,IRM,2015-12-31,winner,0.436,1.25,deteriorating,8242,6924,18.4,20.1,-1.6,0.19,0.38
CASE-SEE-2013-01-02-7473ed,SEE,2013-01-02,winner,1.602,1.25,deteriorating,9505,5558,20.7,20.7,0,0.71,0.8
CASE-HPQ-2015-01-02-cc564b,HPQ,2015-01-02,underperform,0.28,0.5,deteriorating,11716,10585,19.2,20,-0.8,0.107,0.17
CASE-FCX-2015-01-02-a60354,FCX,2015-01-02,trap,-0.135,1,deteriorating,12111,30225,17.9,13,4.9,-0.599,0
CASE-KMI-2015-12-31-1c9a5b,KMI,2015-12-31,underperform,0.165,1,deteriorating,7790,10601,21.1,17.9,3.1,-0.265,0
CASE-EXPD-2017-06-14-c2b652,EXPD,2017-06-14,mixed,0.369,1,deteriorating,2054,2139,29.2,27.1,2.1,-0.04,0
CASE-LNC-2021-12-31-f8a07c,LNC,2021-12-31,trap,-0.45,0.75,deteriorating,4825,4416,4.1,2.7,1.4,0.093,0
CASE-FAST-2021-01-04-d42960,FAST,2021-01-04,mixed,0.408,0,stable,6047,6005,18,18,0,0.007,0
CASE-PWR-2021-12-31-0d52e7,PWR,2021-12-31,winner,1.768,1.75,deteriorating,16232,4998,10.8,9.6,1.2,2.248,2.97
CASE-BBBY-2015-12-31-bd4cf8,BBBY,2015-12-31,underperform,0.151,1.75,deteriorating,17029,13283,20.6,19.4,1.1,0.282,0.34
CASE-BBT-2021-01-04-334be1,BBT,2021-01-04,winner,0.532,0.5,deteriorating,4723,7157,24.3,23.3,1,-0.34,0
CASE-CLF-2013-01-02-6d80d8,CLF,2013-01-02,trap,-0.957,0,stable,6656,6581,10.1,21.3,-11.2,0.011,0
CASE-UNH-2021-12-31-3439f6,UNH,2021-12-31,underperform,0.049,1,deteriorating,7794,6387,7.8,7.8,0,0.22,0.17
CASE-PHM-2019-01-02-85436b,PHM,2019-01-02,winner,1.261,0,stable,5975,6266,8.2,8,0.2,-0.046,0
CASE-R-2013-01-02-a16e61,R,2013-01-02,underperform,0.178,1.25,deteriorating,12170,2414,7.7,20.7,-13,4.041,1.92
CASE-SLM-2013-01-02-2d46c3,SLM,2013-01-02,underperform,0.083,0.75,deteriorating,4415,3857,27.4,29.6,-2.2,0.145,0.23
CASE-XYL-2019-01-02-0cc59a,XYL,2019-01-02,underperform,0.868,0.25,stable,6962,6415,29.2,28.7,0.5,0.085,0.04